Student_ID,Full_Name,Age,Major,Username
S001,Alice Johnson,19,Data Science,ajohnson
S002,Ethan Walker,20,Cybersecurity,ewalker
S003,Mia Thompson,21,Information Technology,mthompson
S004,Lucas Martinez,22,Computer Science,lmartinez
S005,Ella Robinson,20,Software Engineering,erobinson
S006,Alexander Lee,21,Artificial Intelligence,alee
S007,Aria Lewis,22,Web Development,alewis
S008,Benjamin Scott,23,Game Design,bscott
S009,Chloe Hill,19,Network Security,chill
S010,Daniel Adams,20,Cloud Computing,dadams